{
  "vagas": [
    {
      "id": 1,
      "nome": "Desenvolvedor Front End",
      "foto": "foto1.jpg",
      "descricao": "Trabalhar com Angular",
      "salario": 5000
    },
    {
      "id": 2,
      "nome": "Desenvolvedor BackEnd Pelno",
      "foto": "foto2.jpg",
      "descricao": "Trabalhar com Spring Boot",
      "salario": 7000
    },
    {
      "id": 3,
      "nome": "Desenvolvedor Fulstack Senior",
      "foto": "foto3.jpg",
      "descricao": "Trabalhar com Angular e Spring",
      "salario": 10000
    }
  ]
}